hour,samples,rx_mib,tx_mib,total_mib
2026-09-21 21:00:00,97,47.84,44.40,92.24
2026-09-21 22:00:00,118,46.92,41.90,88.83
2026-09-21 23:00:00,119,41.19,32.71,73.89
2026-09-22 00:00:00,118,44.21,37.28,81.50
2026-09-22 01:00:00,118,45.55,39.29,84.84
2026-09-22 02:00:00,119,38.64,32.17,70.81
2026-09-22 03:00:00,118,53.16,45.30,98.46
2026-09-22 04:00:00,119,87.33,79.66,167.00
2026-09-22 05:00:00,118,69.93,62.71,132.65
2026-09-22 06:00:00,119,61.71,52.73,114.43
2026-09-22 07:00:00,118,48.06,40.22,88.28
2026-09-22 08:00:00,118,46.82,41.67,88.49
2026-09-22 09:00:00,119,47.66,42.14,89.79
2026-09-22 10:00:00,118,44.99,40.12,85.12
2026-09-22 11:00:00,119,30.76,27.35,58.10
2026-09-22 12:00:00,118,25.52,21.91,47.42
2026-09-22 13:00:00,119,38.41,33.49,71.90
2026-09-22 14:00:00,118,13.66,11.91,25.57
2026-09-22 15:00:00,119,0.12,0.05,0.17
2026-09-22 16:00:00,118,0.12,0.05,0.16
2026-09-22 17:00:00,118,9.55,5.57,15.12
2026-09-22 18:00:00,118,19.02,15.64,34.66
2026-09-22 19:00:00,119,27.92,21.13,49.05
2026-09-22 20:00:00,118,23.57,19.95,43.51
2026-09-22 21:00:00,119,16.96,14.18,31.14
2026-09-22 22:00:00,118,17.89,15.12,33.01
2026-09-22 23:00:00,118,40.13,35.35,75.49
2026-09-23 00:00:00,119,17.78,13.76,31.54
2026-09-23 01:00:00,118,28.16,24.94,53.10
2026-09-23 02:00:00,119,39.11,37.40,76.51
2026-09-23 03:00:00,118,30.06,25.95,56.01
2026-09-23 04:00:00,118,58.17,50.76,108.93
2026-09-23 05:00:00,119,54.14,46.55,100.68
2026-09-23 06:00:00,118,39.13,33.08,72.20
2026-09-23 07:00:00,119,42.12,35.86,77.98
2026-09-23 08:00:00,118,50.14,41.43,91.57
2026-09-23 09:00:00,118,21.03,17.22,38.26
2026-09-23 10:00:00,119,30.33,26.27,56.60
2026-09-23 11:00:00,118,21.15,17.14,38.29
2026-09-23 12:00:00,119,27.13,23.36,50.49
2026-09-23 13:00:00,118,22.24,19.05,41.28
2026-09-23 14:00:00,119,33.25,28.38,61.63
2026-09-23 15:00:00,118,25.39,19.72,45.11
2026-09-23 16:00:00,119,31.91,27.10,59.02
2026-09-23 17:00:00,118,14.16,10.01,24.17
2026-09-23 18:00:00,118,35.18,28.89,64.07
2026-09-23 19:00:00,119,25.28,21.69,46.98
2026-09-23 20:00:00,118,20.80,18.12,38.92
2026-09-23 21:00:00,119,16.47,13.68,30.15
2026-09-23 22:00:00,118,15.58,12.53,28.11
2026-09-23 23:00:00,119,33.92,28.82,62.74
2026-09-24 00:00:00,118,17.48,13.57,31.06
2026-09-24 01:00:00,118,24.61,21.08,45.69
2026-09-24 02:00:00,119,0.28,0.09,0.36
2026-09-24 03:00:00,118,0.15,0.06,0.21
2026-09-24 04:00:00,119,0.14,0.06,0.20
2026-09-24 05:00:00,118,2.44,0.26,2.70
2026-09-24 06:00:00,119,3.41,1.13,4.54
2026-09-24 07:00:00,118,18.42,14.82,33.23
2026-09-24 08:00:00,119,30.68,26.22,56.89
2026-09-24 09:00:00,118,28.89,23.26,52.16
2026-09-24 10:00:00,118,43.98,38.15,82.13
2026-09-24 11:00:00,119,26.38,22.34,48.72
2026-09-24 12:00:00,118,33.73,26.29,60.02
2026-09-24 13:00:00,118,23.74,19.15,42.88
2026-09-24 14:00:00,119,26.13,21.49,47.62
2026-09-24 15:00:00,118,26.34,20.72,47.06
2026-09-24 16:00:00,119,48.36,40.43,88.79
2026-09-24 17:00:00,118,35.36,29.91,65.28
2026-09-24 18:00:00,118,25.91,20.74,46.66
2026-09-24 19:00:00,119,28.50,23.67,52.17
2026-09-24 20:00:00,118,18.78,11.82,30.60
2026-09-24 21:00:00,98,0.84,0.29,1.13
