timestamp,experiment_id,serial,event_type,old_value,new_value,details
2026-09-21 14:59:10,H1_S5_HONEYGAIN_72H,,MONITOR_STARTED,,,Experiment=H1_S5_HONEYGAIN_72H; poll_interval=30s
2026-09-21 14:59:10,H1_S5_HONEYGAIN_72H,52000a84b2b21305,ADB_CONNECTED,,,
2026-09-21 14:59:10,H1_S5_HONEYGAIN_72H,52000a84b2b21305,COLLECTION_ERROR,,,31 values for 28 columns
2026-09-21 14:59:41,H1_S5_HONEYGAIN_72H,52000a84b2b21305,COLLECTION_ERROR,,,31 values for 28 columns
2026-09-21 14:59:45,H1_S5_HONEYGAIN_72H,,MONITOR_STOPPED,,,Experiment=H1_S5_HONEYGAIN_72H
2026-09-21 15:17:55,H1_S5_HONEYGAIN_72H,,MONITOR_STARTED,,,Experiment=H1_S5_HONEYGAIN_72H; poll_interval=30s
2026-09-21 15:17:55,H1_S5_HONEYGAIN_72H,52000a84b2b21305,ADB_CONNECTED,,,
2026-09-21 15:17:55,H1_S5_HONEYGAIN_72H,52000a84b2b21305,COLLECTION_ERROR,,,"near "")"": syntax error"
2026-09-21 15:18:03,H1_S5_HONEYGAIN_72H,,MONITOR_STOPPED,,,Experiment=H1_S5_HONEYGAIN_72H
2026-09-21 15:18:28,H1_S5_HONEYGAIN_72H,,MONITOR_STARTED,,,Experiment=H1_S5_HONEYGAIN_72H; poll_interval=30s
2026-09-21 15:18:28,H1_S5_HONEYGAIN_72H,52000a84b2b21305,ADB_CONNECTED,,,
2026-09-21 15:18:28,H1_S5_HONEYGAIN_72H,52000a84b2b21305,COLLECTION_ERROR,,,"near "")"": syntax error"
2026-09-21 15:18:37,H1_S5_HONEYGAIN_72H,,MONITOR_STOPPED,,,Experiment=H1_S5_HONEYGAIN_72H
2026-09-21 15:22:54,H1_S5_HONEYGAIN_72H,,MONITOR_STARTED,,,Experiment=H1_S5_HONEYGAIN_72H; poll_interval=30s
2026-09-21 15:22:54,H1_S5_HONEYGAIN_72H,52000a84b2b21305,ADB_CONNECTED,,,
2026-09-21 15:22:54,H1_S5_HONEYGAIN_72H,52000a84b2b21305,COLLECTION_ERROR,,,'str' object is not callable
2026-09-21 15:22:59,H1_S5_HONEYGAIN_72H,,MONITOR_STOPPED,,,Experiment=H1_S5_HONEYGAIN_72H
2026-09-21 15:24:12,H1_S5_HONEYGAIN_72H,,MONITOR_STARTED,,,Experiment=H1_S5_HONEYGAIN_72H; poll_interval=30s
2026-09-21 15:24:12,H1_S5_HONEYGAIN_72H,52000a84b2b21305,ADB_CONNECTED,,,
2026-09-21 15:24:12,H1_S5_HONEYGAIN_72H,52000a84b2b21305,COLLECTION_ERROR,,,"near "")"": syntax error"
2026-09-21 15:24:16,H1_S5_HONEYGAIN_72H,,MONITOR_STOPPED,,,Experiment=H1_S5_HONEYGAIN_72H
2026-09-21 15:24:26,H1_S5_HONEYGAIN_72H,,MONITOR_STARTED,,,Experiment=H1_S5_HONEYGAIN_72H; poll_interval=30s
2026-09-21 15:24:26,H1_S5_HONEYGAIN_72H,52000a84b2b21305,ADB_CONNECTED,,,
2026-09-21 15:24:27,H1_S5_HONEYGAIN_72H,52000a84b2b21305,COLLECTION_ERROR,,,"near "")"": syntax error"
2026-09-21 15:24:57,H1_S5_HONEYGAIN_72H,52000a84b2b21305,COLLECTION_ERROR,,,"near "")"": syntax error"
2026-09-21 15:25:01,H1_S5_HONEYGAIN_72H,,MONITOR_STOPPED,,,Experiment=H1_S5_HONEYGAIN_72H
2026-09-21 20:23:45,H1_S5_HONEYGAIN_72H,,MONITOR_STARTED,,,Experiment=H1_S5_HONEYGAIN_72H; poll_interval=30s
2026-09-21 20:23:45,H1_S5_HONEYGAIN_72H,52000a84b2b21305,ADB_CONNECTED,,,
2026-09-21 20:54:50,H1_S5_HONEYGAIN_72H,,MONITOR_STOPPED,,,Experiment=H1_S5_HONEYGAIN_72H
